ID;Trans;Factors;FRED Mnemonic;Description;type;S;M;L;XL;XS
1;5;0;GDPC1;Real Gross Domestic Product;slow;x;x;x;x;
2;5;0;PCECC96;Real Personal Consumption Expenditures;slow;;x;x;x;
3;5;1;PCDGx;Real personal consumption expenditures:  Durable goods ;slow;;;;x;
4;5;1;PCESVx;Real Personal Consumption Expenditures:  Services ;slow;;;x;x;
5;5;1;PCNDx;Real Personal Consumption Expenditures:  Nondurable Goods ;slow;;;x;x;
6;5;0;GPDIC1;Real Gross Private Domestic Investment;slow;;;x;x;
7;5;0;FPIx;Real private fixed investment ;slow;;x;x;x;
8;5;1;Y033RC1Q027SBEAx;Real Gross Private Domestic Investment:  Fixed Investment:  Nonresidential Equipment;slow;;;x;x;
9;5;1;PNFIx;Real private fixed investment:  Nonresidential ;slow;;;x;x;
10;5;1;PRFIx;Real private fixed investment:  Residential ;slow;;;x;x;
11;1;1;A014RE1Q156NBEA;"Shares of gross domestic product:  Gross private domestic investment: Change
in private inventories";slow;;;x;x;
12;5;0;GCEC1;Real Government Consumption Expenditures and Gross Investment;slow;;x;x;x;
13;1;1;A823RL1Q225SBEA;Real Government Consumption Expenditures and Gross Investment:  Federal;slow;;;;x;
14;5;1;FGRECPTx;Real Federal Government Current Receipts ;slow;;;;x;
15;5;1;SLCEx;Real government state and local consumption expenditures ;slow;;;;x;
16;5;1;EXPGSC1;Real Exports of Goods and Services;slow;;;x;x;
17;5;1;IMPGSC1;Real Imports of Goods and Services;slow;;;x;x;
18;5;0;DPIC96;Real Disposable Personal Income;slow;;;x;x;
19;5;0;OUTNFB;Nonfarm Business Sector:  Real Output;slow;;;;x;
20;5;0;OUTBS;Business Sector:  Real Output;slow;;;;x;
21;5;0;OUTMS;Manufacturing Sector:  Real Output;slow;;;;;
190;2;0;B020RE1Q156NBEA;Shares of gross domestic product:  Exports of goods and services (Percent);slow;;;;;
191;2;0;B021RE1Q156NBEA;Shares of gross domestic product:  Imports of goods and services (Percent);slow;;;;;
22;5;0;INDPRO;IP:Total index Industrial Production Index (Index 2012=100);slow;;x;x;x;
23;5;0;IPFINAL;IP:Final products Industrial Production: Final Products (Market Group) (Index 2012=100);slow;;;x;x;
24;5;0;IPCONGD;IP:Consumer goods Industrial Production: Consumer Goods (Index 2012=100);slow;;;x;x;
25;5;0;IPMAT;Materials (Index 2012=100);slow;;;;x;
26;5;1;IPDMAT;Durable Materials (Index 2012=100);slow;;;;x;
27;5;1;IPNMAT;Nondurable Materials (Index 2012=100);slow;;;;x;
28;5;1;IPDCONGD;Durable Consumer Goods (Index 2012=100);slow;;;;x;
29;5;1;IPB51110SQ;Durable Goods:  Automotive products (Index 2012=100);slow;;;;x;
30;5;1;IPNCONGD;Nondurable Consumer Goods (Index 2012=100);slow;;;;x;
31;5;1;IPBUSEQ;Business Equipment (Index 2012=100);slow;;;;x;
32;5;1;IPB51220SQ;Consumer energy products (Index 2012=100);slow;;;;x;
33;1;1;TCU;Capacity Utilization:  Total Industry (Percent of Capacity);slow;;;;;
34;1;1;CUMFNS;Capacity Utilization:  Manufacturing (SIC) (Percent of Capacity);slow;;x;;x;
194;5;0;IPMANSICS;Industrial Production:  Manufacturing (SIC) (Index 2012=100);slow;;;;x;
195;5;0;IPB51222S;Industrial Production:  Residential Utilities (Index 2012=100);slow;;;;x;
196;5;0;IPFUELS;Industrial Production:  Fuels (Index 2012=100);slow;;;;x;
35;5;0;PAYEMS; Emp:Nonfarm All Employees: Total nonfarm (Thousands of Persons);slow;;x;x;x;
36;5;0;USPRIV; All Employees: Total Private Industries (Thousands of Persons);slow;;;;x;
37;5;0;MANEMP; All Employees: Manufacturing (Thousands of Persons);slow;;;;x;
38;5;0;SRVPRD;All Employees:  Service-Providing Industries (Thousands of Persons);slow;;;;x;
39;5;0;USGOOD;All Employees:  Goods-Producing Industries (Thousands of Persons);slow;;;;x;
40;5;1;DMANEMP;All Employees:  Durable goods (Thousands of Persons);slow;;;;x;
41;5;0;NDMANEMP;All Employees:  Nondurable goods (Thousands of Persons);slow;;;;x;
42;5;1;USCONS;All Employees:  Construction (Thousands of Persons);slow;;;;x;
43;5;1;USEHS;All Employees:  Education & Health Services (Thousands of Persons);slow;;;;x;
44;5;1;USFIRE;All Employees:  Financial Activities (Thousands of Persons);slow;;;;x;
45;5;1;USINFO;All Employees:  Information Services (Thousands of Persons);slow;;;;x;
46;5;1;USPBS;All Employees:  Professional & Business Services (Thousands of Persons);slow;;;;x;
47;5;1;USLAH;All Employees:  Leisure & Hospitality (Thousands of Persons);slow;;;;x;
48;5;1;USSERV;All Employees:  Other Services (Thousands of Persons);slow;;;;x;
49;5;1;USMINE;All Employees:  Mining and logging (Thousands of Persons);slow;;;;x;
50;5;1;USTPU;All Employees:  Trade, Transportation & Utilities (Thousands of Persons);slow;;;;x;
51;5;0;USGOVT;All Employees:  Government (Thousands of Persons);slow;;;;x;
52;5;1;USTRADE;All Employees:  Retail Trade (Thousands of Persons);slow;;;;x;
53;5;1;USWTRADE;All Employees:  Wholesale Trade (Thousands of Persons);slow;;;;x;
54;5;1;CES9091000001;All Employees:  Government:  Federal (Thousands of Persons);slow;;;;x;
55;5;1;CES9092000001;All Employees:  Government:  State Government (Thousands of Persons);slow;;;;x;
56;5;1;CES9093000001;All Employees:  Government:  Local Government (Thousands of Persons);slow;;;;x;
57;5;0;CE16OV;Civilian Employment (Thousands of Persons);slow;;x;x;x;
58;2;0;CIVPART;Civilian Labor Force Participation Rate (Percent);slow;;;;x;
59;2;0;UNRATE;Civilian Unemployment Rate (Percent);slow;x;x;x;x;x
60;2;0;UNRATESTx;Unemployment Rate less than 27 weeks (Percent);slow;;;;x;
61;2;0;UNRATELTx;Unemployment Rate for more than 27 weeks (Percent);slow;;;x;x;
62;2;1;LNS14000012;Unemployment Rate - 16 to 19 years (Percent);slow;;;;x;
63;2;1;LNS14000025;Unemployment Rate - 20 years and over, Men (Percent);slow;;;;x;
64;2;1;LNS14000026;Unemployment Rate - 20 years and over, Women (Percent);slow;;;;x;
65;5;1;UEMPLT5;Number of Civilians Unemployed - Less Than 5 Weeks (Thousands of Persons);slow;;;;x;
66;5;1;UEMP5TO14;Number of Civilians Unemployed for 5 to 14 Weeks (Thousands of Persons);slow;;;;x;
67;5;1;UEMP15T26;Number of Civilians Unemployed for 15 to 26 Weeks (Thousands of Persons);slow;;;;x;
68;5;1;UEMP27OV;Number of Civilians Unemployed for 27 Weeks and Over (Thousands of Persons);slow;;;;x;
69;5;1;LNS13023621;Unemployment Level - Job Losers (Thousands of Persons);slow;;;;;
70;5;1;LNS13023557;Unemployment Level - Reentrants to Labor Force (Thousands of Persons);slow;;;;;
71;5;1;LNS13023705;Unemployment Level - Job Leavers (Thousands of Persons);slow;;;;;
72;5;1;LNS13023569;Unemployment Level - New Entrants (Thousands of Persons);slow;;;;;
73;5;1;LNS12032194;Emp:SlackWk Employment Level - Part-Time for Economic Reasons, All Industries;slow;;;;;
74;5;0;HOABS;EmpHrs:Bus Sec Business Sector: Hours of All Persons (Index 2012=100);slow;;;;;
75;5;0;HOAMS;Manufacturing Sector:  Hours of All Persons (Index 2012=100);slow;;;;;
76;5;0;HOANBS;Nonfarm Business Sector:  Hours of All Persons (Index 2012=100);slow;;;;;
77;1;1;AWHMAN;Average Weekly Hours of Production and Nonsupervisory Employees:  Manufacturing (Hours);slow;;x;x;x;
78;2;1;AWHNONAG;Average Weekly Hours Of Production And Nonsupervisory Employees:  Total private (Hours);slow;;;;;
79;2;1;AWOTMAN;Average Weekly Overtime Hours of Production and Nonsupervisory Employees: Manufacturing (Hours);slow;;;x;x;
80;1;0;HWIx;Help-Wanted Index;slow;;;;x;
197;2;0;UEMPMEAN;Average (Mean) Duration of Unemployment (Weeks);slow;;;;;
198;2;0;CES0600000007;Average Weekly Hours of Production and Nonsupervisory Employees:  Goods-Producing;slow;;x;x;x;
220;2;0;HWIURATIOx;Ratio of Help Wanted/No.  Unemployed;slow;;;;;
221;5;0;CLAIMSx;Initial Claims;slow;;x;x;x;
81;5;0;HOUST;Housing Starts: Total: New Privately Owned Housing Units Started;slow;;x;x;x;
82;5;0;HOUST5F;Privately Owned Housing Starts: 5-Unit Structures or More;slow;;;;x;
83;5;1;PERMIT;New Private Housing Units Authorized by Building Permits;slow;;x;x;x;
84;5;1;HOUSTMW;Housing Starts in Midwest Census Region (Thousands of Units);slow;;;;x;
85;5;1;HOUSTNE;Housing Starts in Northeast Census Region (Thousands of Units);slow;;;;x;
86;5;1;HOUSTS;Housing Starts in South Census Region (Thousands of Units);slow;;;;x;
87;5;1;HOUSTW;Housing Starts in West Census Region (Thousands of Units);slow;;;;x;
179;5;1;USSTHPI;All-Transactions House Price Index for the United States;slow;;;;;
180;5;1;SPCS10RSA;S&P/Case-Shiller 10-City Composite Home Price Index ;slow;;;;;
181;5;1;SPCS20RSA;S&P/Case-Shiller 20-City Composite Home Price Index ;slow;;;;;
227;5;0;PERMITNE;New Private Housing Units Authorized by Building Permits in the Northeast Census;slow;;;;;
228;5;0;PERMITMW;New Private Housing Units Authorized by Building Permits in the Midwest Census;slow;;;;;
229;5;0;PERMITS;New Private Housing Units Authorized by Building Permits in the South Census;slow;;;;;
230;5;0;PERMITW;New Private Housing Units Authorized by Building Permits in the West Census;slow;;;;;
88;5;0;CMRMTSPLx MT ;Real Manufacturing and Trade Industries Sales (Millions of Chained 2012;slow;;;x;x;
89;5;1;RSAFSx;Real Retail and Food Services Sales (Millions of Chained 2012 Dollars);slow;;;x;x;
90;5;1;AMDMNOx;Real Manufacturers’ New Orders:  Durable Goods (Millions of 2012 Dollars);slow;;;;x;
91;5;1;ACOGNOx;Real Value of Manufacturers’ New Orders for Consumer Goods Industries;slow;;;;;
92;5;1;AMDMUOx;Real Value of Manufacturers’ Unfilled Orders for Durable Goods Industries;slow;;;;x;
93;5;1;ANDENOx;Real Value of Manufacturers’ New Orders for Capital Goods:  Nondefense;slow;;;;;
94;5;1;INVCQRMTSPL;Real Manufacturing and Trade Inventories (Millions of 2012 Dollars);slow;;;;;
222;5;0;BUSINVx;Total Business Inventories (Millions of Dollars);slow;;;;x;
223;2;0;ISRATIOx;Total Business:  Inventories to Sales Ratio;slow;;;;x;
95;6;0;PCECTPI;Personal Consumption Expenditures: Chain-type Price Index ;slow;;;x;x;
96;6;0;PCEPILFE;Personal Consumption Expenditures Excluding Food and Energy;slow;;;;x;
97;6;0;GDPCTPI;Gross Domestic Product: Chain-type Price Index;slow;;x;x;x;
98;6;1;GPDICTPI;Gross Private Domestic Investment: Chain-type Price Index ;slow;;;x;x;
99;6;1;IPDBS;Business Sector:  Implicit Price Deflator (Index 2012=100);slow;;;x;x;
100;6;0;DGDSRG3Q086SBEA;Personal consumption expenditures:  Goods ;slow;;;x;x;
101;6;0;DDURRG3Q086SBEA;Personal consumption expenditures:  Durable goods ;slow;;;x;x;
102;6;0;DSERRG3Q086SBEA;Personal consumption expenditures:  Services ;slow;;;x;x;
103;6;0;DNDGRG3Q086SBEA;Personal consumption expenditures:  Nondurable goods;slow;;;x;x;
104;6;0;DHCERG3Q086SBEA;Personal consumption expenditures:  Services:  Household consumption expenditures;slow;;;;x;
105;6;1;DMOTRG3Q086SBEA;Personal consumption expenditures:  Durable goods:  Motor vehicles and parts;slow;;;;x;
106;6;1;DFDHRG3Q086SBEA;Personal consumption expenditures:  Durable goods:  Furnishings and durable household equipment;slow;;;;x;
107;6;1;DREQRG3Q086SBEA;Personal consumption expenditures:  Durable goods:  Recreational goods and vehicles;slow;;;;x;
108;6;1;DODGRG3Q086SBEA;Personal consumption expenditures:  Durable goods:  Other durable goods;slow;;;;x;
109;6;1;DFXARG3Q086SBEA;Personal consumption expenditures:  Nondurable goods:  Food and beverages purchased for off-premises consumption;slow;;;;x;
110;6;1;DCLORG3Q086SBEA;Personal consumption expenditures:  Nondurable goods:  Clothing and footwear;slow;;;;x;
111;6;1;DGOERG3Q086SBEA;Personal consumption expenditures:  Nondurable goods:  Gasoline and other energy goods;slow;;;;x;
112;6;1;DONGRG3Q086SBEA;Personal consumption expenditures:  Nondurable goods:  Other nondurable goods;slow;;;;x;
113;6;1;DHUTRG3Q086SBEA;Personal consumption expenditures:  Services:  Housing and utilities;slow;;;;x;
114;6;1;DHLCRG3Q086SBEA;Personal consumption expenditures:  Services:  Health care;slow;;;;x;
115;6;1;DTRSRG3Q086SBEA;Personal consumption expenditures:  Transportation services;slow;;;;x;
116;6;1;DRCARG3Q086SBEA;Personal consumption expenditures: Recreation services;slow;;;;x;
117;6;1;DFSARG3Q086SBEA;Personal consumption expenditures:  Services:  Food services and accomodations;slow;;;;x;
118;6;1;DIFSRG3Q086SBEA;Personal consumption expenditures:  Financial services and insurance;slow;;;;x;
119;6;1;DOTSRG3Q086SBEA;Personal consumption expenditures:  Other services ;slow;;;;x;
120;6;0;CPIAUCSL;Consumer Price Index for All Urban Consumers:  All Items;slow;x;x;x;x;x
121;6;0;CPILFESL;Consumer Price Index for All Urban Consumers:  All Items Less Food & Energy;slow;;;x;x;
122;6;0;WPSFD49207;Producer Price Index by Commodity for Finished Goods ;slow;;;x;x;
123;6;0;PPIACO;Producer Price Index for All Commodities ;slow;;;x;x;
124;6;1;WPSFD49502;Producer Price Index by Commodity for Finished Consumer Goods ;slow;;;;x;
125;6;1;WPSFD4111;Producer Price Index by Commodity for Finished Consumer Foods;slow;;;;x;
126;6;1;PPIIDC;Producer Price Index by Commodity Industrial Commodities ;slow;;;;x;
127;6;1;WPSID61;Producer Price Index by Commodity Intermediate Materials:  Supplies & Components;slow;;;;x;
128;5;1;WPU0531;Producer Price Index by Commodity for Fuels and Related Products and Power;slow;;;;;
129;5;1;WPU0561;Producer Price Index by Commodity for Fuels and Related Products and Power;slow;;;x;x;
130;5;0;OILPRICEx;Real Crude Oil Prices:  West Texas Intermediate (WTI) - Cushing, Oklahoma;slow;;;x;x;
205;6;0;WPSID62;Producer Price Index:  Crude Materials for Further Processing ;slow;;;;x;
206;6;0;PPICMM;Producer Price Index:  Commodities:  Metals and metal products:  Primary nonferrous metals;slow;;;;x;
207;6;0;CPIAPPSL;Consumer Price Index for All Urban Consumers:  Apparel;slow;;;x;x;
208;6;0;CPITRNSL;Consumer Price Index for All Urban Consumers:  Transportation;slow;;;x;x;
209;6;0;CPIMEDSL;Consumer Price Index for All Urban Consumers:  Medical Care;slow;;;x;x;
210;6;0;CUSR0000SAC;Consumer Price Index for All Urban Consumers:  Commodities;slow;;;x;x;
211;6;0;CUSR0000SAD ;Consumer Price Index for All Urban Consumers:  Durables;slow;;;x;x;
212;6;0;CUSR0000SAS ;Consumer Price Index for All Urban Consumers:  Services;slow;;;x;x;
213;6;0;CPIULFSL;Consumer Price Index for All Urban Consumers:  All Items Less Food;slow;;;;;
214;6;0;CUSR0000SA0L2      ;Consumer Price Index for All Urban Consumers:  All items less shelter;slow;;;;;
215;6;0;CUSR0000SA0L5 ;Consumer Price Index for All Urban Consumers:  All items less medical;slow;;;;;
233;6;0;CUSR0000SEHC     ;CPI for All Urban Consumers:  Owners’ equivalent rent of residences;slow;;;;;
131;5;0;AHETPIx;Real Average Hourly Earnings of Production and Nonsupervisory Employees: Total Private;slow;;;;;
132;5;0;CES2000000008x;Real Average Hourly Earnings of Production and Nonsupervisory Employees: Construction;slow;;;x;x;
133;5;0;CES3000000008x;Real Average Hourly Earnings of Production and Nonsupervisory Employees: Manufacturing;slow;;;x;x;
134;5;1;COMPRMS;Manufacturing Sector:  Real Compensation Per Hour (Index 2012=100);slow;;;;;
135;5;1;COMPRNFB;Nonfarm Business Sector:  Real Compensation Per Hour (Index 2012=100);slow;;;x;x;
136;5;1;RCPHBS;Business Sector:  Real Compensation Per Hour (Index 2012=100);slow;;;;;
137;5;1;OPHMFG;Manufacturing Sector:  Real Output Per Hour of All Persons (Index 2012=100);slow;;;;;
138;5;1;OPHNFB;Nonfarm Business Sector:  Real Output Per Hour of All Persons (Index 2012=100);slow;;;;;
139;5;0;OPHPBS;Business Sector:  Real Output Per Hour of All Persons (Index 2012=100);slow;;;;;
140;5;0;ULCBS;Business Sector:  Unit Labor Cost (Index 2012=100);slow;;;;;
141;5;1;ULCMFG;Manufacturing Sector:  Unit Labor Cost (Index 2012=100);slow;;;;;
142;5;1;ULCNFB;Nonfarm Business Sector:  Unit Labor Cost (Index 2012=100);slow;;;;x;
143;5;1;UNLPNBS;Nonfarm Business Sector:  Unit Nonlabor Payments (Index 2012=100);slow;;;;;
216;6;0;CES0600000008;Average Hourly Earnings of Production and Nonsupervisory Employees:;slow;;x;x;x;
144;2;1;FEDFUNDS;Effective Federal Funds Rate (Percent);policy;x;x;x;x;x
145;2;1;TB3MS;3-Month Treasury Bill: Secondary Market Rate (Percent);fast;;;x;x;
146;2;0;TB6MS;6-Month Treasury Bill: Secondary Market Rate (Percent);fast;;;x;x;
147;2;0;GS1;1-Year Treasury Constant Maturity Rate (Percent);fast;x;;x;x;
148;2;0;GS10;10-Year Treasury Constant Maturity Rate (Percent);fast;x;;x;x;
149;2;0;MORTGAGE30US;30-Year Conventional Mortgage Rate (Percent);fast;;;;;
150;2;0;AAA;Moody’s Seasoned Aaa Corporate Bond Yield (Percent);fast;;;;x;
151;2;0;BAA;Moody’s Seasoned Baa Corporate Bond Yield (Percent);fast;;;x;x;
152;1;1;BAA10YM;Moody’s Seasoned Baa Corporate Bond Yield Relative to Yield on 10-Year Treasury;fast;;;;x;
153;1;1;MORTG10YRx;30-Year Conventional Mortgage Rate Relative to 10-Year Treasury Constant Maturity Constant Maturity;fast;;;;;
154;1;1;TB6M3Mx;6-Month Treasury Bill Minus 3-Month Treasury Bill, secondary market (Percent);fast;;;x;x;
155;1;1;GS1TB3Mx;1-Year Treasury Constant Maturity Minus 3-Month Treasury Bill, secondary market;fast;;;x;x;
156;1;1;GS10TB3Mx;10-Year Treasury Constant Maturity Minus 3-Month Treasury Bill, secondary market;fast;;x;x;x;
157;1;1;CPF3MTB3Mx;3-Month Commercial Paper Minus 3-Month Treasury Bill, secondary market;fast;;x;x;x;
201;2;0;GS5;5-Year Treasury Constant Maturity Rate;fast;;;x;x;
202;1;0;TB3SMFFM;3-Month Treasury Constant Maturity Minus Federal Funds Rate;fast;;;x;x;
203;1;0;T5YFFM;5-Year Treasury Constant Maturity Minus Federal Funds Rate;fast;;;x;x;
204;1;0;AAAFFM;Moody’s Seasoned Aaa Corporate Bond Minus Federal Funds Rate;fast;;x;x;x;
225;2;0;CP3M;3-Month AA Financial Commercial Paper Rate;fast;;;;;
226;1;0;COMPAPFF;3-Month Commercial Paper Minus Federal Funds Rate;fast;;;;;
158;5;0;AMBSLREALx;St. Louis Adjusted Monetary Base;fast;;;;x;
159;5;0;IMFSLx; Real Institutional Money Funds;fast;;;;;
160;5;0;M1REAL; Real M1 Money Stock;fast;;;x;x;
161;5;0;M2REAL;Real M2 Money Stock;fast;;x;x;x;
162;5;0;MZMREALx;Real MZM Money Stock;fast;;;;x;
163;5;1;BUSLOANSx;Real Commercial and Industrial Loans, All Commercial Banks;fast;;x;x;x;
164;5;1;CONSUMERx;Real Consumer Loans at All Commercial Banks ;fast;;x;x;x;
165;5;1;NONREVSLx;Total Real Nonrevolving Credit Owned and Securitized, Outstanding;fast;;x;x;x;
166;5;1;REALLNx;Real Real Estate Loans, All Commercial Banks;fast;;;x;x;
167;5;1;REVOLSLx;Total Real Revolving Credit Owned and Securitized, Outstanding;fast;;;;;
168;5;0;TOTALSLx;Total Consumer Credit Outstanding;fast;;;x;x;
169;1;1;DRIWCIL;FRB Senior Loans Officer Opions.  Net Percentage of Domestic Respondents Reporting Increased Willingness to Make Consumer Installment Loans;fast;;;;;
199;6;0;TOTRESNS;Total Reserves of Depository Institutions ;fast;;x;x;x;
200;7;0;NONBORRES;Reserves Of Depository Institutions, Nonborrowed;fast;;x;x;x;
217;6;0;DTCOLNVHFNM;Consumer Motor Vehicle Loans Outstanding Owned by Finance Companies;fast;;;;x;
218;6;0;DTCTHFNM;Total Consumer Loans and Leases Outstanding Owned and Securitized by Finance Companies ;fast;;;;x;
219;6;0;INVEST;Securities in Bank Credit at All Commercial Banks ;fast;;;;x;
170;5;0;TABSHNOx;Real Total Assets of Households and Nonprofit Organizations;fast;;;;x;
171;5;1;TLBSHNOx   ;Real Total Liabilities of Households and Nonprofit Organizations;fast;;;;x;
172;5;0;LIABPIx  ;Liabilities of Households and Nonprofit Organizations Relative to Personal Disposable Income;fast;;;;;
173;5;1;TNWBSHNOx ;Real Net Worth of Households and Nonprofit Organizations;fast;;;;;
174;5;0;NWPIx; Net Worth of Households and Nonprofit Organizations Relative to Disposable Personal Income;fast;;;;;
175;5;1;TARESAx;Real Assets of Households and Nonprofit Organizations excluding Real Estate Assets;fast;;;;;
176;5;1;HNOREMQ027Sx ;Real Real Estate Assets of Households and Nonprofit Organizations;fast;;;;;
177;5;1;TFAABSHNOx;Real Total Financial Assets of Households and Nonprofit Organizations;fast;;;;;
224;2;0;CONSPIx;Nonrevolving consumer credit to Personal Income;fast;;;;;
182;5;1;TWEXMMTH; Trade Weighted U.S. Dollar Index:  Major Currencies;fast;;;;;
183;5;1;EXUSEU;U.S. / Euro Foreign Exchange Rate (U.S. Dollars to One Euro);fast;;;;;
184;5;1;EXSZUSx;Switzerland / U.S. Foreign Exchange Rate;fast;;;x;x;
185;5;1;EXJPUSx;Japan / U.S. Foreign Exchange Rate;fast;;;x;x;
186;5;1;EXUSUKx;U.S. / U.K. Foreign Exchange Rate;fast;;;x;x;
187;5;1;EXCAUSx;Canada / U.S. Foreign Exchange Rate;fast;;;x;x;
188;1;1;UMCSENTx;Cons.  Expectations    University of Michigan:  Consumer Sentiment ;fast;;;;;
189;2;1;USEPUINDXM;Economic Policy Uncertainty Index for United States;fast;;;;;
178;1;1;VXOCLSX;CBOE S&P 100 Volatility Index: VXO;fast;;;;;
231;5;0;NIKKEI225;Nikkei Stock Average;fast;;;;;
232;5;0;NASDAQCOM;NASDAQ Composite;fast;;;;;
245;5;0;S.P.500;S&P’s Common Stock Price Index:  Composite;fast;x;x;x;x;
246;5;0;S.P..indust;S&P’s Common Stock Price Index:  Industrials;fast;;;;x;
247;2;0;S.P.div.yield;S&P’s Composite Common Stock:  Dividend Yield;fast;;;;x;
248;5;0;S.P.PE.ratio;S&P’s Composite Common Stock:  Price-Earnings Ratio;fast;;;;;
192;2;0;GFDEGDQ188S;Federal Debt:  Total Public Debt as Percent of GDP;slow;;;;;
193;2;0;GFDEBTNx;Real Federal Debt:  Total Public Debt;slow;;;;;
234;5;0;TLBSNNCBx;Real Nonfinancial Corporate Business Sector Liabilities;slow;;;;;
235;1;0;TLBSNNCBBDIx; Nonfinancial Corporate Business Sector Liabilities to Disposable Business Income;slow;;;;;
236;5;0;TTAABSNNCBx;Real Nonfinancial Corporate Business Sector Assets ;slow;;;;;
237;5;0;TNWMVBSNNCBx; Real Nonfinancial Corporate Business Sector Net Worth;slow;;;;;
238;2;0;TNWMVBSNNCBBDIx ;Nonfinancial Corporate Business Sector Net Worth to Disposable Business Income;slow;;;;;
239;5;0;NNBTILQ027Sx;Real Nonfinancial Noncorporate Business Sector Liabilities;slow;;;;;
240;1;0;NNBTILQ027SBDIx ;Nonfinancial Noncorporate Business Sector Liabilities to Disposable Business;slow;;;;;
241;5;0;NNBTASQ027Sx;Real Nonfinancial Noncorporate Business Sector Assets;slow;;;;;
242;5;0;TNWBSNNBx;Real Nonfinancial Noncorporate Business Sector Net Worth;slow;;;;;
243;2;0;TNWBSNNBBDIx;Nonfinancial Noncorporate Business Sector Net Worth to Disposable Business Income;slow;;;;;
244;5;0;CNCFx;Real Disposable Business Income  (Corporate cash flow with IVA minus taxes on corporate income);slow;;;;;
